price,discount,final_price,rating,review_count,stock,seller_rating,shipping_time_days,demand_last_month,demand_2_months_ago,avg_demand_last_3_months,month_number,category,subcategory,brand
78291.59,30.29,54573.16,5.0,23.0,2.0,3.4,3.0,1.0,1.0,1.0,1,electronics,camera,sony
4594.74,13.11,3992.33,3.9,9.0,36.0,4.9,3.0,1.0,1.0,1.0,1,clothing,kids,zara
759.52,54.64,344.54,3.7,28.0,402.0,3.6,2.0,1.0,1.0,1.3333333333333333,1,clothing,women,nike
4393.15,29.49,3097.56,3.5,17.0,252.0,3.7,2.0,1.0,1.0,1.0,1,sports,fitness,h&m
46014.85,22.53,35646.82,4.4,9.0,193.0,4.0,1.0,2.0,4.0,2.3333333333333335,1,electronics,mobile,lg
4162.55,14.97,3539.23,3.2,16.0,188.0,3.5,5.0,1.0,2.0,1.3333333333333333,1,clothing,women,hp
45175.03,32.53,30478.34,3.3,201.0,84.0,3.8,1.0,2.0,1.0,1.3333333333333333,1,electronics,mobile,nike
957.06,32.85,642.67,3.2,11.0,475.0,3.4,1.0,3.0,1.0,1.6666666666666667,1,clothing,kids,lenovo
13664.7,34.43,8960.54,4.0,37.0,357.0,2.5,4.0,1.0,1.0,1.0,1,sports,outdoor,lg
7429.68,42.34,4569.7699999999995,3.75,29.0,389.0,4.0,4.0,1.0,2.0,1.3333333333333333,1,sports,outdoor,lenovo
526.97,43.18,299.44,3.2,28.0,0.0,2.8,4.0,1.0,2.0,1.3333333333333333,1,beauty,skincare,nike
13713.6,48.78,7024.65,4.3,4.0,425.0,4.5,1.0,1.0,1.0,1.0,1,home,kitchen,hp
4263.85,38.76,2610.99,5.0,17.0,484.0,3.2,1.0,1.0,1.0,1.0,1,beauty,haircare,samsung
78474.69,23.96,59674.13,4.2,30.0,251.0,3.9,1.0,1.0,1.0,1.0,1,electronics,mobile,nike
2800.21,44.64,1550.1,3.2,3.0,261.0,4.8,5.0,2.0,1.0,1.6666666666666667,1,clothing,kids,samsung
9304.21,41.92,5403.51,3.7,6.0,227.0,4.4,4.0,1.0,1.0,1.0,1,sports,fitness,lenovo
62711.22,17.99,51429.93,4.7,11.0,467.0,4.4,1.0,1.0,1.0,1.0,1,electronics,laptop,boat
14918.87,9.55,13494.55,4.4,9.0,291.0,3.0,4.0,1.0,1.0,1.3333333333333333,1,home,kitchen,h&m
2745.31,39.21,1669.0,3.9,11.0,365.0,4.9,4.0,1.0,1.0,1.0,1,clothing,women,apple
31337.305,37.974999999999994,20034.125,3.8499999999999996,25.5,366.0,3.9000000000000004,3.5,2.0,2.0,2.0,1,home,kitchen,samsung
