price,discount,final_price,rating,review_count,stock,seller_rating,shipping_time_days,demand_last_month,demand_2_months_ago,avg_demand_last_3_months,month_number,category,subcategory,brand,predicted_demand
78291.59,30.29,54573.16,5.0,23.0,2.0,3.4,3.0,1.0,1.0,1.0,1,electronics,camera,sony,0.9969529509544373
4594.74,13.11,3992.33,3.9,9.0,36.0,4.9,3.0,1.0,1.0,1.0,1,clothing,kids,zara,0.9828765988349915
759.52,54.64,344.54,3.7,28.0,402.0,3.6,2.0,1.0,1.0,1.3333333333333333,1,clothing,women,nike,1.061397671699524
4393.15,29.49,3097.56,3.5,17.0,252.0,3.7,2.0,1.0,1.0,1.0,1,sports,fitness,h&m,1.3102002143859863
46014.85,22.53,35646.82,4.4,9.0,193.0,4.0,1.0,2.0,4.0,2.333333333333333,1,electronics,mobile,lg,1.1246250867843628
4162.55,14.97,3539.23,3.2,16.0,188.0,3.5,5.0,1.0,2.0,1.3333333333333333,1,clothing,women,hp,1.0575594902038574
45175.03,32.53,30478.34,3.3,201.0,84.0,3.8,1.0,2.0,1.0,1.3333333333333333,1,electronics,mobile,nike,1.037712812423706
957.06,32.85,642.67,3.2,11.0,475.0,3.4,1.0,3.0,1.0,1.6666666666666667,1,clothing,kids,lenovo,0.9732545018196106
13664.7,34.43,8960.54,4.0,37.0,357.0,2.5,4.0,1.0,1.0,1.0,1,sports,outdoor,lg,1.135583519935608
7429.68,42.34,4569.77,3.75,29.0,389.0,4.0,4.0,1.0,2.0,1.3333333333333333,1,sports,outdoor,lenovo,1.5079381465911865
526.97,43.18,299.44,3.2,28.0,0.0,2.8,4.0,1.0,2.0,1.3333333333333333,1,beauty,skincare,nike,0.950026273727417
13713.6,48.78,7024.65,4.3,4.0,425.0,4.5,1.0,1.0,1.0,1.0,1,home,kitchen,hp,0.9595009088516235
4263.85,38.76,2610.99,5.0,17.0,484.0,3.2,1.0,1.0,1.0,1.0,1,beauty,haircare,samsung,0.9441592693328857
78474.69,23.96,59674.13,4.2,30.0,251.0,3.9,1.0,1.0,1.0,1.0,1,electronics,mobile,nike,1.0914421081542969
2800.21,44.64,1550.1,3.2,3.0,261.0,4.8,5.0,2.0,1.0,1.6666666666666667,1,clothing,kids,samsung,1.014932632446289
9304.21,41.92,5403.51,3.7,6.0,227.0,4.4,4.0,1.0,1.0,1.0,1,sports,fitness,lenovo,1.1578354835510254
62711.22,17.99,51429.93,4.7,11.0,467.0,4.4,1.0,1.0,1.0,1.0,1,electronics,laptop,boat,0.9935629367828369
14918.87,9.55,13494.55,4.4,9.0,291.0,3.0,4.0,1.0,1.0,1.3333333333333333,1,home,kitchen,h&m,1.0272045135498047
2745.31,39.21,1669.0,3.9,11.0,365.0,4.9,4.0,1.0,1.0,1.0,1,clothing,women,apple,1.059526801109314
31337.305,37.975,20034.125,3.85,25.5,366.0,3.9,3.5,2.0,2.0,2.0,1,home,kitchen,samsung,2.2156882286071777
